اسم القصة,السعر
Understanding Superhero Comic Books,غير متوفر
Comic Books Incorporated,غير متوفر
Comic Book Nation,غير متوفر
The Art of the Comic Book,غير متوفر
Comic Books and American Cultural History,غير متوفر
Korean War Comic Books,غير متوفر
A Complete History of American Comic Books,غير متوفر
The Meaning of Superhero Comic Books,غير متوفر
Comic Book Culture,غير متوفر
Culture Wars,غير متوفر
India's Immortal Comic Books,غير متوفر
The Comic Book as Research Tool,غير متوفر
Demanding Respect,غير متوفر
The Oxford Handbook of Comic Book Studies,غير متوفر
The Silver Age of Comic Book Art,غير متوفر
Comic Book Crime,غير متوفر
Multicultural Comics,غير متوفر
Native Americans in Comic Books,غير متوفر
Comic Books as History,غير متوفر
Masters of American Comics,غير متوفر
The Power of Comics,غير متوفر
Official Gazette of the United States Patent and Trademark Office,غير متوفر
Keywords for Comics Studies,غير متوفر
The Forensic Comicologist,غير متوفر
Introduction to Nicolas Cage,غير متوفر
Naming Your Little Geek,غير متوفر
Eerie Archives Volume 23,غير متوفر
A Smithsonian Book of Comic-book Comics,غير متوفر
Library of Congress Subject Headings,غير متوفر
A-E,غير متوفر
Unpainted to the Last,غير متوفر
Library of Congress Subject Headings,غير متوفر
"A Study of Comic Book Reading, Television Viewing, Radio Listening, and Product Brand Preferences of School Children",غير متوفر
Library of Congress Subject Headings,غير متوفر
1999 Comic Book Checklist and Price Guide,غير متوفر
Comic Books: Related Matters and Problems,غير متوفر
Reference and Subscription Books Reviews,غير متوفر
Topical Reference Books,غير متوفر
This Book Contains Graphic Language,غير متوفر
THE WRITER'S RESOURCE BOOK,غير متوفر
Congressional Record,غير متوفر
American Experiences,غير متوفر
The Reading Teacher,غير متوفر
Child-family Digest,غير متوفر
American Reference Books Annual,غير متوفر
Sears List of Subject Headings,غير متوفر
American Studies,غير متوفر
Bank-robbers and the Detectives,غير متوفر
The Encyclopedia Americana,غير متوفر
International Bibliography of Comics Literature,غير متوفر
Subject Guide to Books in Print,غير متوفر
Buchols and the Detectives,غير متوفر
The Publishers' Trade List Annual,غير متوفر
Law and Contemporary Problems,غير متوفر
Subject Headings Manual,غير متوفر
The P.T.A. Magazine,غير متوفر
The Athenaeum,غير متوفر
The New York Times Index,غير متوفر
Hammer and Rapier,غير متوفر
Folly as it Flies,غير متوفر
Miss Derrick,غير متوفر
Canadian Subject Headings,غير متوفر
The Publishers Weekly,غير متوفر
Wally's World,غير متوفر
Edith Percival,غير متوفر
Newsweek,غير متوفر
"Recording for the Blind & Dyslexic, ... Catalog of Books",غير متوفر
Graphic Artists Guild Handbook,غير متوفر
A Report of the ... Annual Conference on Reading,غير متوفر
Readers' Guide to Periodical Literature,غير متوفر
Archie,غير متوفر
Celebrating Research,غير متوفر
Advanced Cases in MIS,غير متوفر
How to Win in Wall Street,غير متوفر
Hidden Power,غير متوفر
"The English Orphans; Or, A Home in the New World",غير متوفر
Picturing Medical Progress from Pasteur to Polio,غير متوفر
The World of Cartooning!,غير متوفر
The Comics Journal,غير متوفر
Concise Histories of American Popular Culture,غير متوفر
American Book Publishing Record,غير متوفر
Chicago Schools Journal,غير متوفر
Asian Thought & Society,غير متوفر
Bookseller and the Stationery Trades' Journal,غير متوفر
The Virginia Journal of Education,غير متوفر
The Source,غير متوفر
NATION'S BUSINESS: FEBRUARY 1993,غير متوفر
Mother Shipton's Gipsy Fortune Teller and Dream Book,غير متوفر
Rain Taxi Review of Books,غير متوفر
Famous Assassinations of History,غير متوفر
School Activities,غير متوفر
The Journal of Genetic Psychology,غير متوفر
Italian Books and Periodicals,غير متوفر
Library Journal,غير متوفر
"Dora Deane; Or, The East India Uncle",غير متوفر
Italian Life and Legends,غير متوفر
Out of the Foam,غير متوفر
Companies and Their Brands,غير متوفر
Publisher and Bookseller,غير متوفر
The British National Bibliography,غير متوفر
Illinois Libraries,غير متوفر
A Collector's Guide to TV Memorabilia,غير متوفر
American Journal of Psychotherapy,غير متوفر
Harvard Law Review,غير متوفر
Valuation of Divorce Assets,غير متوفر
N.A.R.D. Journal,غير متوفر
New York State Education,غير متوفر
Science-fiction Studies,غير متوفر
Publishers' circular and booksellers' record,غير متوفر
Collecting Nostalgia,غير متوفر
Look Japan,غير متوفر
Bookseller Newsman Incorporated,غير متوفر
Magazine of Sigma Chi,غير متوفر
Yearbook,غير متوفر
The American Catalogue,غير متوفر
Venture,غير متوفر
Teaching Children to Read,غير متوفر
Audio-visual Materials,غير متوفر
Contemporary Graphic Artists,غير متوفر
The Vampire Brat,غير متوفر
Entertainment Law Reporter,غير متوفر
Carleton's Hand-book of Popular Quotations,غير متوفر
The Queen of the Isle,غير متوفر
"King of the Cowboys, Queen of the West",غير متوفر
The Whispering Roots,غير متوفر
The Catholic Lawyer,غير متوفر
Essays on Canadian Writing,غير متوفر
The Orissa Education Magazine,غير متوفر
Tout Paris,غير متوفر
Report of the Royal Commission on Violence in the Communications Industry: Violence and the media: a bibliography,غير متوفر
Filipinas Magazine,غير متوفر
New Outlook,غير متوفر
Time,غير متوفر
Guide to Video Program to Accompany Public Speaking,غير متوفر
Research Memorandum,غير متوفر
Encounter,غير متوفر
The Bookseller,غير متوفر
Library of Congress Information Bulletin,غير متوفر
Japanese Wedding Packages as Aesthetic Expression Among Elite Brides of Osaka,غير متوفر
Theatre Magazine,غير متوفر
"Themes and Exercises, English A-B-C, Freshman Literature and Composition, English 10H-11H-12H, Honors Course, Literature and Composition, English 1A-2A-3A and English 1B-2B-3B, Freshman English",غير متوفر
Hispanic Culture of South America,غير متوفر
The Cumulative Book Index,غير متوفر
Lincoln Lore,غير متوفر
Western City Magazine,غير متوفر
The Bulletin,غير متوفر
The Best 109 Internships,غير متوفر
Facts and Judgments,غير متوفر
Integrated Teaching Materials,غير متوفر
Making Places,غير متوفر
Current Biography Yearbook,غير متوفر
Paragraphs and the Short Theme,غير متوفر
National Union Catalog,غير متوفر
The Working Press of the Nation,غير متوفر
"McGraw-Hill's GMAT, 2014 Edition",غير متوفر
Session Laws of the State of Washington,غير متوفر
Editor & Publisher,غير متوفر
Records & Briefs New York State Appellate Division,غير متوفر
1996 Toys and Prices,غير متوفر
Consumers Digest,غير متوفر
Post Exchange and Ships Service Stores,غير متوفر
Subject Cataloging Manual,غير متوفر
Walt Disney's Comics,غير متوفر
Madeline,غير متوفر
Pride and Passion,غير متوفر
Hygeia,غير متوفر
Artbibliographies Modern,غير متوفر
Railway Conductors' Monthly,غير متوفر
The United States Patents Quarterly,غير متوفر
Vibe,غير متوفر
Subject Cataloging Manual,غير متوفر
Gospel Messenger,غير متوفر
Print,غير متوفر
Hispania,غير متوفر
The Comic Strip Art of Lyonel Feininger,غير متوفر
Instructor,غير متوفر
Book Review Digest,غير متوفر
The Home Life of Henry W. Longfellow,غير متوفر
The B'nai B'rith International Jewish Monthly,غير متوفر
Roundhearts,غير متوفر
O'Brien's Collecting Toys,غير متوفر
The Nineteenth Century,غير متوفر
The Twentieth Century,غير متوفر
International Year Book Number,غير متوفر
California. Court of Appeal (2nd Appellate District). Records and Briefs,غير متوفر
Humanities Index,غير متوفر
New Serial Titles,غير متوفر
The New Wave,غير متوفر
Saturday Review of Literature,غير متوفر
Dictionary of American Biography,غير متوفر
Official Gazette of the United States Patent Office,غير متوفر
Design & Applied Arts Index,غير متوفر
A Dream of Greatness,غير متوفر
Parents' Magazine & Better Homemaking,غير متوفر
The English Illustrated Magazine,غير متوفر
"The Bookseller, Newsdealer and Stationer",غير متوفر
"Crime, Law and Society",غير متوفر
The Texas Outlook,غير متوفر
New York Court of Appeals. Records and Briefs.,غير متوفر
Brotherhood of Maintenance of Way Employes Journal,غير متوفر
